<?xml version="1.0" encoding="utf-8"?>
<Settings xmlns:xsi="http://www.w3.org/2001/XMLSchema-instance" xmlns:xsd="http://www.w3.org/2001/XMLSchema">
  <LogDir>C:\Program Files (x86)\Gameone\Gundam_Online\GundamOnline\chat</LogDir>
  <FormLocation>
    <X>600</X>
    <Y>800</Y>
  </FormLocation>
  <Opacity>80</Opacity>
  <FormSize>
    <Width>800</Width>
    <Height>320</Height>
  </FormSize>
  <DumpTextBoxForeColorString>#F4FAF4</DumpTextBoxForeColorString>
  <DumpTextBoxBackColorString>#0A1E0A</DumpTextBoxBackColorString>
  <DumpTextBoxFontName>メイリオ</DumpTextBoxFontName>
  <DumpTextBoxFontSize>12</DumpTextBoxFontSize>
  <selfBarLocation>
    <X>0</X>
    <Y>100</Y>
  </selfBarLocation>
  <enemyBarLocation>
    <X>800</X>
    <Y>100</Y>
  </enemyBarLocation>
</Settings>